{"studentId": "Herbert_Veum", "exam": 10021, "score": 0.6664249108842888}
{"studentId": "Fleta.Harvey", "exam": 10021, "score": 0.8888220096449981}
{"studentId": "Jean.Abbott", "exam": 10021, "score": 0.7539473305379201}
{"studentId": "Mason_Harvey", "exam": 10021, "score": 0.7557386490403488}
{"studentId": "Hortense_Kuhn", "exam": 10021, "score": 0.8018310655391295}
{"studentId": "Damien3", "exam": 10021, "score": 0.7140122322773359}
{"studentId": "Lenna63", "exam": 10021, "score": 0.8819502633587584}
{"studentId": "Marlene_Kuhic64", "exam": 10021, "score": 0.7518711955453835}
{"studentId": "Bessie34", "exam": 10021, "score": 0.747386112437509}
{"studentId": "Quincy_Schowalter", "exam": 10021, "score": 0.7139488479864048}
{"studentId": "Mariana13", "exam": 10021, "score": 0.997777549574445}
{"studentId": "Leora.Barrows", "exam": 10021, "score": 0.6873988450909918}
{"studentId": "Olga33", "exam": 10021, "score": 0.5915192022923632}
{"studentId": "Jerad_Schroeder", "exam": 10021, "score": 0.7870918231441042}
{"studentId": "Josiah.Koss", "exam": 10021, "score": 0.6951142064145852}
{"studentId": "Alvera89", "exam": 10021, "score": 0.6932899389553808}
{"studentId": "Maryjane_Lynch33", "exam": 10021, "score": 0.6247335903162544}
{"studentId": "Tremaine_Rowe", "exam": 10021, "score": 0.6553913642391461}
{"studentId": "Marjorie72", "exam": 10021, "score": 0.7490700461694749}
{"studentId": "Herbert_Veum", "exam": 11547, "score": 0.6677592727371474}
{"studentId": "Fleta.Harvey", "exam": 11547, "score": 0.9354429595324216}
{"studentId": "Jean.Abbott", "exam": 11547, "score": 0.6517775360835185}
{"studentId": "Mason_Harvey", "exam": 11547, "score": 0.7968330599143124}
{"studentId": "Hortense_Kuhn", "exam": 11547, "score": 0.6156929648790533}
{"studentId": "Damien3", "exam": 11547, "score": 0.7984322679747019}
{"studentId": "Lenna63", "exam": 11547, "score": 0.7707615554170819}
{"studentId": "Marlene_Kuhic64", "exam": 11547, "score": 0.7565894624362909}
{"studentId": "Bessie34", "exam": 11547, "score": 0.6602979960612532}
{"studentId": "Quincy_Schowalter", "exam": 11547, "score": 0.7793056483261834}
{"studentId": "Mariana13", "exam": 11547, "score": 0.7454552329610581}
{"studentId": "Leora.Barrows", "exam": 11547, "score": 0.7578512741106891}
{"studentId": "Olga33", "exam": 11547, "score": 0.7462765393542184}
{"studentId": "Jerad_Schroeder", "exam": 11547, "score": 0.8947378183264352}
{"studentId": "Josiah.Koss", "exam": 11547, "score": 0.7816420150063103}
{"studentId": "Alvera89", "exam": 11547, "score": 0.7802101789511315}
{"studentId": "Maryjane_Lynch33", "exam": 11547, "score": 0.8961562938450398}
{"studentId": "Cielo68", "exam": 11547, "score": 0.8079609701249209}
{"studentId": "Tremaine_Rowe", "exam": 11547, "score": 0.7320284713214026}
{"studentId": "Marjorie72", "exam": 11547, "score": 0.8719998740050174}
{"studentId": "Herbert_Veum", "exam": 11548, "score": 0.8571963504594039}
{"studentId": "Fleta.Harvey", "exam": 11548, "score": 0.7362590556705719}
{"studentId": "Jean.Abbott", "exam": 11548, "score": 0.7196194228851056}
{"studentId": "Mason_Harvey", "exam": 11548, "score": 0.8231966818876508}
{"studentId": "Hortense_Kuhn", "exam": 11548, "score": 0.6364855345507361}
{"studentId": "Damien3", "exam": 11548, "score": 0.7870650310794949}
{"studentId": "Lenna63", "exam": 11548, "score": 0.775436244317533}
{"studentId": "Marlene_Kuhic64", "exam": 11548, "score": 0.6297216161891684}
{"studentId": "Bessie34", "exam": 11548, "score": 0.6412393633429463}
{"studentId": "Quincy_Schowalter", "exam": 11548, "score": 0.8137435956475494}
{"studentId": "Mariana13", "exam": 11548, "score": 0.8551245323480646}
{"studentId": "Leora.Barrows", "exam": 11548, "score": 0.8255882305393232}
{"studentId": "Olga33", "exam": 11548, "score": 0.7137140721273294}
{"studentId": "Jerad_Schroeder", "exam": 11548, "score": 0.8159261623112672}
{"studentId": "Josiah.Koss", "exam": 11548, "score": 0.7139738065058502}
{"studentId": "Alvera89", "exam": 11548, "score": 0.7101117365565923}
{"studentId": "Maryjane_Lynch33", "exam": 11548, "score": 0.67600097700005}
{"studentId": "Cielo68", "exam": 11548, "score": 0.8235008888869813}
{"studentId": "Tremaine_Rowe", "exam": 11548, "score": 0.7822690126266416}
{"studentId": "Marjorie72", "exam": 11548, "score": 0.6627436707810486}
{"studentId": "Herbert_Veum", "exam": 11549, "score": 0.7059452453183263}
{"studentId": "Fleta.Harvey", "exam": 11549, "score": 0.7039374513664681}
{"studentId": "Jean.Abbott", "exam": 11549, "score": 0.656319097072798}
{"studentId": "Mason_Harvey", "exam": 11549, "score": 0.7510680542022651}
{"studentId": "Hortense_Kuhn", "exam": 11549, "score": 0.7139445946151929}
{"studentId": "Damien3", "exam": 11549, "score": 0.8947769861809405}
{"studentId": "Lenna63", "exam": 11549, "score": 0.7941457708223003}
{"studentId": "Marlene_Kuhic64", "exam": 11549, "score": 0.5741181125107223}
{"studentId": "Bessie34", "exam": 11549, "score": 0.671756294492692}
{"studentId": "Quincy_Schowalter", "exam": 11549, "score": 0.7131049951455346}
{"studentId": "Mariana13", "exam": 11549, "score": 0.7838673306545838}
{"studentId": "Leora.Barrows", "exam": 11549, "score": 0.6989788583751663}
{"studentId": "Olga33", "exam": 11549, "score": 0.7338790788129335}
{"studentId": "Jerad_Schroeder", "exam": 11549, "score": 0.7424932195190734}
{"studentId": "Josiah.Koss", "exam": 11549, "score": 0.6541206226964443}
{"studentId": "Alvera89", "exam": 11549, "score": 0.8380147540699125}
{"studentId": "Maryjane_Lynch33", "exam": 11549, "score": 0.7013440355885585}
{"studentId": "Cielo68", "exam": 11549, "score": 0.6049611100063765}
{"studentId": "Tremaine_Rowe", "exam": 11549, "score": 0.7473887135342169}
{"studentId": "Marjorie72", "exam": 11549, "score": 0.7987096604045487}
{"studentId": "Herbert_Veum", "exam": 11550, "score": 0.8153863524121476}
{"studentId": "Fleta.Harvey", "exam": 11550, "score": 0.8114151830107158}
{"studentId": "Jean.Abbott", "exam": 11550, "score": 0.6717118119963449}
{"studentId": "Mason_Harvey", "exam": 11550, "score": 0.6165545857280106}
{"studentId": "Hortense_Kuhn", "exam": 11550, "score": 0.7630226482287613}
{"studentId": "Damien3", "exam": 11550, "score": 0.6479600038944204}
{"studentId": "Lenna63", "exam": 11550, "score": 0.7786555808307182}
{"studentId": "Marlene_Kuhic64", "exam": 11550, "score": 0.8373577419655509}
{"studentId": "Bessie34", "exam": 11550, "score": 0.6617873254635753}
{"studentId": "Quincy_Schowalter", "exam": 11550, "score": 0.7541985909018983}
{"studentId": "Mariana13", "exam": 11550, "score": 0.7360829608879653}
{"studentId": "Leora.Barrows", "exam": 11550, "score": 0.837718420238118}
{"studentId": "Olga33", "exam": 11550, "score": 0.6880224162895476}
{"studentId": "Jerad_Schroeder", "exam": 11550, "score": 0.7143114825368171}
{"studentId": "Josiah.Koss", "exam": 11550, "score": 0.8130793881455223}
{"studentId": "Alvera89", "exam": 11550, "score": 0.7652437969949516}
{"studentId": "Maryjane_Lynch33", "exam": 11550, "score": 0.7602736078514731}
{"studentId": "Cielo68", "exam": 11550, "score": 0.8762081164072683}
{"studentId": "Tremaine_Rowe", "exam": 11550, "score": 0.6916602589412799}
{"studentId": "Marjorie72", "exam": 11550, "score": 0.7005061274473289}
{"studentId": "Herbert_Veum", "exam": 11551, "score": 0.6627366812099718}
{"studentId": "Fleta.Harvey", "exam": 11551, "score": 0.8797905555856882}
{"studentId": "Jean.Abbott", "exam": 11551, "score": 0.6849707362978056}
{"studentId": "Mason_Harvey", "exam": 11551, "score": 0.7753621265976166}
{"studentId": "Hortense_Kuhn", "exam": 11551, "score": 0.7433961839837104}
{"studentId": "Damien3", "exam": 11551, "score": 0.6872310084916753}
{"studentId": "Lenna63", "exam": 11551, "score": 0.7974487851951377}
{"studentId": "Marlene_Kuhic64", "exam": 11551, "score": 0.6657658045120124}
{"studentId": "Bessie34", "exam": 11551, "score": 0.679654509586405}
{"studentId": "Quincy_Schowalter", "exam": 11551, "score": 0.8208173809923831}
{"studentId": "Mariana13",